"Protein_ID","baseMean","log2FoldChange","lfcSE","stat","pvalue","padj","Swiss.Prot_Hit","SP_E.value","Swiss.Prot_Description","Trembl_Hit","TB_E.value","Trembl_Description","NCBI_hit","nr_E.value","NCBI_Description","GO_Swiss.Prot","GO_Trembl"
"evm.TU.chromosome_10.2794",113.799413318536,-2.29117482216137,0.410947487585031,-5.57534695156713,2.47037013250388e-08,2.60059392948873e-05,NA,NA,NA,"tr|A0A2B4SRV3|A0A2B4SRV3_STYPI",0,"Uncharacterized protein OS=Stylophora pistillata GN=AWC38_SpisGene4014 PE=4 SV=1","ref|XP_020620190.1|",0,"uncharacterized protein LOC110057921 [Orbicella faveolata]",NA,"GO:0005509; GO:0003824"
"evm.TU.chromosome_12.3712",58.8663304892982,0.828519187099357,0.168020720433092,4.9310536519767,8.17872650624343e-07,0.000376681472653174,"sp|P40818|UBP8_HUMAN",4.92e-131,"Ubiquitin carboxyl-terminal hydrolase 8 OS=Homo sapiens GN=USP8 PE=1 SV=1","tr|A0A2B4RU97|A0A2B4RU97_STYPI",0,"Ubiquitin carboxyl-terminal hydrolase 8 OS=Stylophora pistillata GN=USP8 PE=4 SV=1","ref|XP_020608624.1|",0,"ubiquitin carboxyl-terminal hydrolase 8-like [Orbicella faveolata]","GO:0005737; GO:0005829; GO:0043197; GO:0005769; GO:0031313; GO:0019897; GO:0030496; GO:0005634; GO:0014069; GO:0045296; GO:0004197; GO:0017124; GO:0004843; GO:0008283; GO:0071549; GO:1990090; GO:0007032; GO:0000281; GO:0090263; GO:0016579; GO:0071108; GO:0070536; GO:0006511","GO:0036459; GO:0016579; GO:0006511"
"evm.TU.chromosome_14.6986",51.7644193078042,1.18876125442639,0.246795671671243,4.81678323763287,1.45891023511733e-06,0.000632394677798802,"sp|Q13951|PEBB_HUMAN",5.02e-64,"Core-binding factor subunit beta OS=Homo sapiens GN=CBFB PE=1 SV=2","tr|A0A2B4RMB7|A0A2B4RMB7_STYPI",6.56e-121,"Core-binding factor subunit beta OS=Stylophora pistillata GN=CBFB PE=4 SV=1","ref|XP_015769693.1|",6.01e-121,"PREDICTED: core-binding factor subunit beta-like isoform X2 [Acropora digitifera]","GO:0016020; GO:0005654; GO:0003677; GO:0003700; GO:0003713; GO:0048469; GO:0060216; GO:0030098; GO:0030099; GO:0001649; GO:0045944; GO:0000209; GO:0050855; GO:2000810; GO:0001959; GO:1902036; GO:0033146; GO:0045616; GO:0045652; GO:0045637; GO:0045589; GO:0030111; GO:0006366; GO:0006367","GO:0005634; GO:0003713"
"evm.TU.chromosome_6.2789",550.641700370753,1.08738556703472,0.232692319265907,4.67306170854794,2.96742560803553e-06,0.0010412837764578,"sp|D3ZGB1|NFAT5_RAT",1.55e-32,"Nuclear factor of activated T-cells 5 OS=Rattus norvegicus GN=Nfat5 PE=1 SV=1","tr|A0A2B4S1D0|A0A2B4S1D0_STYPI",0,"Nuclear factor of activated T-cells 5 OS=Stylophora pistillata GN=Nfat5 PE=4 SV=1","ref|XP_020604579.1|",0,"nuclear factor of activated T-cells 5-like isoform X2 [Orbicella faveolata]","GO:0005737; GO:0005634; GO:0003677; GO:0000978; GO:0001077; GO:0001816; GO:0010628; GO:0045944; GO:0070884; GO:0006970","GO:0003677; GO:0003700"
"evm.TU.chromosome_9.2810",19.8050401491,1.18715955263797,0.262225110915231,4.5272535055643,5.97552396722315e-06,0.00146778787048225,"sp|Q80ZF8|AGRB3_MOUSE",2.51e-51,"Adhesion G protein-coupled receptor B3 OS=Mus musculus GN=Adgrb3 PE=1 SV=2","tr|A0A2B4SXN2|A0A2B4SXN2_STYPI",0,"Brain-specific angiogenesis inhibitor 3 OS=Stylophora pistillata GN=BAI3 PE=4 SV=1","ref|XP_022804257.1|",0,"uncharacterized protein LOC111341531 isoform X1 [Stylophora pistillata]","GO:0016021; GO:0005886; GO:0098794; GO:0043083; GO:0004930; GO:0005096; GO:0007166; GO:0099558; GO:0061743; GO:0007520; GO:0016525; GO:0016322; GO:0051965; GO:0048814","GO:0016021; GO:0005509; GO:0004930; GO:0004222; GO:0008270; GO:0007166"
"evm.TU.chromosome_7.484",185.266928890886,0.670410036247324,0.150594826621928,4.45174679161062,8.5174567203459e-06,0.00202468188942674,NA,NA,NA,"tr|A0A2B4SWT0|A0A2B4SWT0_STYPI",0,"Uncharacterized protein OS=Stylophora pistillata GN=AWC38_SpisGene1472 PE=4 SV=1","ref|XP_020611763.1|",0,"centrosomal protein of 290 kDa-like isoform X2 [Orbicella faveolata]",NA,"GO:0016021; GO:0016192"
"evm.TU.chromosome_12.2809",27.1811727942736,-2.79147386912352,0.628309913459332,-4.44282958031698,8.87834866045461e-06,0.00204451722746531,"sp|D2X8K2|PA2_CONGI",7.38e-26,"Phospholipase A2 A2-actitoxin-Cgg2a OS=Condylactis gigantea PE=1 SV=1","tr|A0A2B4SDY8|A0A2B4SDY8_STYPI",1.17e-54,"Phospholipase A2 OS=Stylophora pistillata GN=AWC38_SpisGene7205 PE=4 SV=1","ref|XP_022786572.1|",3.42e-55,"phospholipase A2 A2-actitoxin-Cgg2a-like isoform X2 [Stylophora pistillata]","GO:0005576; GO:0042151; GO:0005509; GO:0047498; GO:0102567; GO:0102568; GO:0090729; GO:0050482; GO:0044398; GO:0044522; GO:0007599; GO:0016042; GO:0035899; GO:0006644","GO:0005576; GO:0005509; GO:0004623; GO:0102567; GO:0102568; GO:0050482; GO:0016042; GO:0006644"
"evm.TU.chromosome_12.2166",16.5254638641674,1.27831771747174,0.289795726164413,4.41109927461971,1.02847148108319e-05,0.00222906068944178,"sp|Q2KIH7|PH4H_BOVIN",0,"Phenylalanine-4-hydroxylase OS=Bos taurus GN=PAH PE=2 SV=1","tr|A0A2B4S6F0|A0A2B4S6F0_STYPI",0,"Phenylalanine-4-hydroxylase OS=Stylophora pistillata GN=PAH PE=4 SV=1","ref|XP_020606140.1|",0,"phenylalanine-4-hydroxylase-like isoform X1 [Orbicella faveolata]","GO:0005506; GO:0004505; GO:0006559","GO:0005506; GO:0004505; GO:0006559"
"evm.TU.chromosome_10.540",9.92027271954737,2.26832853634105,0.517249478584429,4.38536650157454,1.1579065433336e-05,0.00238939782287639,"sp|P07692|ACES_TORMA",6.71e-105,"Acetylcholinesterase OS=Torpedo marmorata GN=ache PE=1 SV=2","tr|A0A2B4S4P1|A0A2B4S4P1_STYPI",0,"Cholinesterase OS=Stylophora pistillata GN=BCHE PE=4 SV=1","ref|XP_020630472.1|",0,"cholinesterase-like [Orbicella faveolata]","GO:0031225; GO:0030054; GO:0005886; GO:0043083; GO:0003990; GO:0001507",""
"evm.TU.chromosome_12.2031",13.3250025705343,-2.21083856793078,0.508219198382716,-4.35016735882122,1.36033668732659e-05,0.00263797922339728,"sp|C3YWU0|FUCO_BRAFL",1.54e-46,"Alpha-L-fucosidase OS=Branchiostoma floridae GN=BRAFLDRAFT_56888 PE=3 SV=2","tr|A0A2B4S251|A0A2B4S251_STYPI",3.37e-74,"Alpha-L-fucosidase OS=Stylophora pistillata GN=AWC38_SpisGene10598 PE=4 SV=1","ref|XP_020629193.1|",1.38e-77,"alpha-L-fucosidase-like [Orbicella faveolata]","GO:0005576; GO:0004560; GO:0006004","GO:0004560; GO:0006004"
"evm.TU.chromosome_10.2335",69.558409994947,-1.55236160735075,0.357709934465964,-4.33972181865264,1.42663197109546e-05,0.0026956028192314,"sp|Q862Z5|CYTB_MACFU",1.85e-30,"Cystatin-B OS=Macaca fuscata fuscata GN=CSTB PE=3 SV=1","tr|A0A2B4SZ04|A0A2B4SZ04_STYPI",8.04e-47,"Cystatin-B OS=Stylophora pistillata GN=Cstb PE=4 SV=1","gb|PFX33667.1|",1.25e-46,"cystatin-B-like [Stylophora pistillata]","GO:0005737; GO:0005634; GO:0004869","GO:0005622; GO:0004869"
"evm.TU.chromosome_14.595",11.337604748541,-2.09637872466685,0.484906224611536,-4.32326626936226,1.53735999282275e-05,0.00276312336270997,"sp|Q4SSF5|LTOR3_TETNG",2.3e-41,"Ragulator complex protein LAMTOR3 OS=Tetraodon nigroviridis GN=lamtor3 PE=3 SV=1","tr|A7RQ93|A7RQ93_NEMVE",1.21e-53,"Predicted protein OS=Nematostella vectensis GN=v1g239924 PE=4 SV=1","ref|XP_020612499.1|",5.16e-80,"ragulator complex protein LAMTOR3-A-like [Orbicella faveolata]","GO:0071986; GO:0034613; GO:0071230; GO:0032008; GO:0065009","GO:0032006"
"evm.TU.chromosome_14.6567",128.532818212736,-1.00243303425409,0.236328005953244,-4.24170224857912,2.21830862014633e-05,0.00340556587955381,"sp|P28075|PSB5_RAT",2.03e-124,"Proteasome subunit beta type-5 OS=Rattus norvegicus GN=Psmb5 PE=1 SV=3","tr|A0A2B4SUT2|A0A2B4SUT2_STYPI",0,"Proteasome subunit beta type-8 OS=Stylophora pistillata GN=PSMB8 PE=4 SV=1","ref|XP_020609593.1|",0,"proteasome subunit beta type-5-like [Orbicella faveolata]","GO:0005737; GO:0070062; GO:0005634; GO:0000502; GO:0005839; GO:0019774; GO:0008233; GO:0004298; GO:0043161; GO:0006508; GO:0006979","GO:0005737; GO:0005634; GO:0005839; GO:0004298; GO:0051603"
"evm.TU.chromosome_13.3559",19.3494105569432,-3.13458646715653,0.759796202254915,-4.12556216766251,3.69830261399147e-05,0.00503655503151529,"sp|P08940|MIM1_CHICK",4.57e-13,"Myeloid protein 1 OS=Gallus gallus GN=MIM1 PE=1 SV=2","tr|A0A2B4SMV2|A0A2B4SMV2_STYPI",3.57e-33,"Myeloid protein 1 OS=Stylophora pistillata GN=MIM1 PE=4 SV=1","gb|PFX30383.1|",5.53e-33,"Myeloid protein 1 [Stylophora pistillata]","GO:0044194; GO:0005615; GO:0046872; GO:0030851; GO:0046677",""
"evm.TU.chromosome_12.200",88.4785901282561,-1.51878614841833,0.371009349044083,-4.09366004477119,4.24616744935021e-05,0.00548947507618626,"sp|P40423|SQH_DROME",1.19e-64,"Myosin regulatory light chain sqh OS=Drosophila melanogaster GN=sqh PE=1 SV=1","tr|A0A2B4SUZ6|A0A2B4SUZ6_STYPI",4.92e-101,"Myosin regulatory light chain sqh OS=Stylophora pistillata GN=sqh PE=4 SV=1","ref|XP_020612721.1|",1.97e-104,"myosin regulatory light chain 12A-like [Orbicella faveolata]","GO:0005912; GO:0045177; GO:0016324; GO:0106037; GO:0005938; GO:0005911; GO:0032154; GO:0005737; GO:0005829; GO:0035183; GO:0030496; GO:0016460; GO:0005886; GO:0051233; GO:0005509; GO:0032036; GO:0030048; GO:0003384; GO:0007298; GO:0090254; GO:0060289; GO:0019749; GO:0001736; GO:0060288; GO:0035317; GO:0000281; GO:0031036; GO:0035191; GO:0030707; GO:0007300; GO:0032956; GO:0035159; GO:0035277; GO:0035148; GO:0042060","GO:0005509"
"evm.TU.chromosome_13.1489",69.2890917816375,-2.55936631367099,0.631015229757392,-4.05595014664701,4.99309094330689e-05,0.00623628595953024,"sp|Q5XGM3|BHMT1_XENLA",0,"Betaine--homocysteine S-methyltransferase 1 OS=Xenopus laevis GN=bhmt PE=2 SV=1","tr|A0A2B4RBB6|A0A2B4RBB6_STYPI",0,"Betaine--homocysteine S-methyltransferase 1 OS=Stylophora pistillata GN=bhmt PE=4 SV=1","ref|XP_020630669.1|",0,"betaine--homocysteine S-methyltransferase 1-like [Orbicella faveolata]","GO:0005737; GO:0047150; GO:0008270; GO:0006579; GO:0009086","GO:0016021; GO:0046872; GO:0008168"
"evm.TU.chromosome_7.462",78.8411769768554,0.951128799873586,0.235962742717804,4.03084312768425,5.5577129403626e-05,0.00682579777625533,"sp|Q6P5L7|ARGLA_DANRE",3.61e-39,"Arginine and glutamate-rich protein 1-A OS=Danio rerio GN=arglu1a PE=2 SV=1","tr|A0A2B4SYX4|A0A2B4SYX4_STYPI",1.4e-94,"Arginine and glutamate-rich protein 1-A OS=Stylophora pistillata GN=arglu1a PE=4 SV=1","ref|XP_020611865.1|",2.91e-110,"arginine and glutamate-rich protein 1-B-like isoform X2 [Orbicella faveolata]","",""
"evm.TU.chromosome_7.316",51.6307310778621,-1.225092428265,0.305746061537514,-4.00689520612085,6.15221428495261e-05,0.00743207656816652,"sp|Q9W1V3|FBRL_DROME",6.94e-151,"rRNA 2'-O-methyltransferase fibrillarin OS=Drosophila melanogaster GN=Fib PE=2 SV=1","tr|A7S8G2|A7S8G2_NEMVE",1.2e-156,"Predicted protein OS=Nematostella vectensis GN=v1g186929 PE=3 SV=1","ref|XP_022792535.1|",3.44e-159,"rRNA 2'-O-methyltransferase fibrillarin-like [Stylophora pistillata]","GO:0031428; GO:0015030; GO:0001651; GO:0005730; GO:0030532; GO:0005732; GO:0032040; GO:1990259; GO:0003723; GO:0008649; GO:0000494; GO:1990258; GO:0031167; GO:0008033","GO:0031428; GO:0015030; GO:0032040; GO:1990259; GO:0003723; GO:0008649; GO:0000494; GO:1990258; GO:0031167; GO:0008033"
"evm.TU.chromosome_4.669",85.4551492702999,0.876048599569871,0.218993338476974,4.00034359794913,6.3250579256639e-05,0.00751763739584149,"sp|P23978|SC6A1_RAT",0,"Sodium- and chloride-dependent GABA transporter 1 OS=Rattus norvegicus GN=Slc6a1 PE=1 SV=1","tr|A0A2B4RTG4|A0A2B4RTG4_STYPI",0,"Sodium-and chloride-dependent GABA transporter 1 OS=Stylophora pistillata GN=Slc6a1 PE=4 SV=1","ref|XP_015764355.1|",0,"PREDICTED: sodium- and chloride-dependent GABA transporter 1-like [Acropora digitifera]","GO:0030424; GO:0009986; GO:0005887; GO:0043005; GO:0005886; GO:0005332; GO:0046872; GO:0051939; GO:0007612; GO:0032229; GO:0014054; GO:0051260; GO:0051592; GO:0042220; GO:0032355; GO:0010288; GO:0014070; GO:0010033; GO:0010243; GO:0014074; GO:0009744; GO:0009636","GO:0016021; GO:0005328"
"evm.TU.chromosome_9.2293",55.2837218265705,-1.08117587787279,0.273917793185421,-3.94708158714217,7.9109604584719e-05,0.00883270721492112,"sp|P48643|TCPE_HUMAN",0,"T-complex protein 1 subunit epsilon OS=Homo sapiens GN=CCT5 PE=1 SV=1","tr|A0A2B4S9D8|A0A2B4S9D8_STYPI",0,"T-complex protein 1 subunit epsilon OS=Stylophora pistillata GN=CCT5 PE=4 SV=1","ref|XP_020601993.1|",0,"T-complex protein 1 subunit epsilon-like [Orbicella faveolata]","GO:0044297; GO:0005813; GO:0005832; GO:0005829; GO:0070062; GO:0005874; GO:0043209; GO:0005730; GO:0002199; GO:0005524; GO:0048487; GO:0031681; GO:0003730; GO:0048027; GO:0044183; GO:0051082; GO:0006458; GO:0007339; GO:0061077; GO:1904851; GO:1904871; GO:1904874; GO:0032212; GO:0006457; GO:0050821; GO:0009615; GO:1901998","GO:0005737; GO:0005524; GO:0051082; GO:0006457"
"evm.TU.chromosome_14.6295",91.1642280914491,0.563940739004206,0.143592532116747,3.92736816247309,8.58804687903673e-05,0.00944556976889875,"sp|O16118|GNAS_HOMAM",0,"Guanine nucleotide-binding protein G(s) subunit alpha OS=Homarus americanus PE=2 SV=1","tr|A0A2B4RY17|A0A2B4RY17_STYPI",0,"Guanine nucleotide-binding protein G(S) subunit alpha OS=Stylophora pistillata GN=AWC38_SpisGene14281 PE=4 SV=1","ref|XP_020607668.1|",0,"guanine nucleotide-binding protein G(s) subunit alpha-like [Orbicella faveolata]","GO:0031683; GO:0005525; GO:0003924; GO:0046872; GO:0004871; GO:0007186","GO:0031683; GO:0005525; GO:0003924; GO:0004871; GO:0007186"
"evm.TU.chromosome_2.21_evm.TU.chromosome_2.22",38.1271030276331,-1.45559069945125,0.372140886686191,-3.91139687018234,9.1763839129375e-05,0.00994423133153477,"sp|P48774|GSTM5_MOUSE",5.93e-90,"Glutathione S-transferase Mu 5 OS=Mus musculus GN=Gstm5 PE=1 SV=1","tr|A0A2B4SHD3|A0A2B4SHD3_STYPI",1.02e-124,"Glutathione S-transferase Mu 3 OS=Stylophora pistillata GN=GSTM3 PE=4 SV=1","ref|XP_020606377.1|",1.89e-130,"glutathione S-transferase Mu 1-like [Orbicella faveolata]","GO:0005737; GO:0005829; GO:0045171; GO:0035686; GO:0019899; GO:0043295; GO:0004364; GO:0042802; GO:0042803; GO:0070458; GO:0006749; GO:0018916; GO:0043627; GO:0042178","GO:0004364; GO:0008152"
"evm.TU.chromosome_12.2569",158.74892518829,-1.68002184398996,0.433692446872349,-3.87376320732753,0.000107167545229151,0.0105295685439148,NA,NA,NA,"tr|A0A2B4RFD5|A0A2B4RFD5_STYPI",5.29e-78,"Uncharacterized protein OS=Stylophora pistillata GN=AWC38_SpisGene20244 PE=4 SV=1","ref|XP_020608421.1|",5.04e-94,"major surface trophozoite antigen 11-like [Orbicella faveolata]",NA,"GO:0016021"
"evm.TU.chromosome_14.6626",10.8649472517022,3.49720383272853,0.901500079556979,3.87931616650234,0.000104750531100718,0.0105295685439148,"sp|P11833|TBB_PARLI",0,"Tubulin beta chain OS=Paracentrotus lividus PE=2 SV=1","tr|K7RW51|K7RW51_9BIVA",0,"Tubulin beta chain OS=Scrobicularia plana PE=2 SV=1","gb|AFV81455.1|",0,"beta-tubulin [Scrobicularia plana]","GO:0005737; GO:0005874; GO:0005525; GO:0003924; GO:0005200; GO:0007017","GO:0005737; GO:0005874; GO:0005525; GO:0003924; GO:0005200; GO:0007017"
"evm.TU.chromosome_8.167",28.3859656768516,0.819666627557877,0.211508551043296,3.87533564725754,0.000106477827431389,0.0105295685439148,"sp|Q2EMV9|PAR14_MOUSE",7.65e-115,"Poly [ADP-ribose] polymerase 14 OS=Mus musculus GN=Parp14 PE=1 SV=3","tr|A0A2B4RKL3|A0A2B4RKL3_STYPI",0,"Poly [ADP-ribose] polymerase 14 OS=Stylophora pistillata GN=Parp14 PE=4 SV=1","ref|XP_020630978.1|",0,"poly [ADP-ribose] polymerase 14-like [Orbicella faveolata]","GO:0005737; GO:0005829; GO:0005634; GO:0019899; GO:0003950; GO:0070403; GO:0003723; GO:0045087; GO:0010629; GO:0060336; GO:0042532; GO:1902216; GO:0042531; GO:0006471; GO:0070212; GO:0006355; GO:0006351","GO:0004190; GO:0003950; GO:0003723"
"evm.TU.chromosome_13.1720",51.2945953936498,-1.10133158633518,0.288165530916516,-3.8218713488472,0.00013244278410015,0.012841722053079,"sp|Q28104|COPE_BOVIN",1.29e-99,"Coatomer subunit epsilon OS=Bos taurus GN=COPE PE=1 SV=3","tr|A7SPR7|A7SPR7_NEMVE",8.09e-134,"Coatomer subunit epsilon OS=Nematostella vectensis GN=v1g227384 PE=3 SV=1","ref|XP_020632803.1|",6.12e-175,"coatomer subunit epsilon-like [Orbicella faveolata]","GO:0030126; GO:0000139; GO:0005654; GO:0005198; GO:0006888; GO:0006891; GO:0015031; GO:0006890","GO:0030126; GO:0000139; GO:0005198; GO:0006888; GO:0006891; GO:0015031; GO:0006890"
"evm.TU.chromosome_14.533",6.02998264898939,-3.71366858098214,0.976076930935566,-3.80468840445046,0.00014198280887332,0.0132504045990387,"sp|P0C6B8|SVEP1_RAT",2e-32,"Sushi, von Willebrand factor type A, EGF and pentraxin domain-containing protein 1 OS=Rattus norvegicus GN=Svep1 PE=1 SV=1","tr|A0A2B4S6F3|A0A2B4S6F3_STYPI",0,"Hemicentin-1 OS=Stylophora pistillata GN=HMCN1 PE=4 SV=1","gb|PFX24380.1|",0,"Hemicentin-1 [Stylophora pistillata]","GO:0005737; GO:0005615; GO:0016020; GO:0005509; GO:0003682; GO:0007155","GO:0005509"
"evm.TU.chromosome_11.2921",339.942248927783,1.21347788133209,0.319766189850418,3.79489114186757,0.000147708249602498,0.0136057761415101,NA,NA,NA,"tr|A0A2B4SLQ1|A0A2B4SLQ1_STYPI",2.24e-61,"Uncharacterized protein OS=Stylophora pistillata GN=AWC38_SpisGene5809 PE=4 SV=1","gb|PFX29412.1|",3.48e-61,"hypothetical protein AWC38_SpisGene5809 [Stylophora pistillata]",NA,""
"evm.TU.chromosome_1.1151",118.460991393214,0.703457189946925,0.186054465147406,3.78092076096962,0.000156249403902438,0.0141860961366501,"sp|Q8NF91|SYNE1_HUMAN",1.1e-76,"Nesprin-1 OS=Homo sapiens GN=SYNE1 PE=1 SV=4","tr|A0A2B4S3D9|A0A2B4S3D9_STYPI",0,"Nesprin-1 OS=Stylophora pistillata GN=SYNE1 PE=4 SV=1","ref|XP_020607215.1|",0,"nesprin-1-like [Orbicella faveolata]","GO:0005737; GO:0005856; GO:0005794; GO:0016021; GO:0034993; GO:0005635; GO:0031965; GO:0005640; GO:0005730; GO:0005654; GO:0005634; GO:0000932; GO:0045211; GO:0030017; GO:0003779; GO:0051015; GO:0019899; GO:0042802; GO:0005521; GO:0042803; GO:0003723; GO:0090286; GO:0007030; GO:0042692; GO:0090292; GO:0006997; GO:0007283","GO:0034993; GO:0051015; GO:0090286"
"evm.TU.chromosome_14.5914",12.3802776804755,-3.07382697916703,0.818102591703937,-3.75726346589966,0.00017178161035776,0.0143847578037084,"sp|Q9TWL9|COMA_CONMA",2.43e-08,"Conodipine-M alpha chain OS=Conus magus PE=1 SV=2","tr|X2G7F0|X2G7F0_9CNID",1.06e-42,"Phospholipase A2 OS=Rhopilema esculentum GN=PLA2 PE=2 SV=1","ref|XP_020621451.1|",4.78e-45,"uncharacterized protein LOC110059110 isoform X1 [Orbicella faveolata]","GO:0005576; GO:0004623; GO:0102567; GO:0102568; GO:0090729; GO:0050482; GO:0016042; GO:0006644","GO:0004623; GO:0050482; GO:0006644"
"evm.TU.chromosome_5.1655",13.6938651478556,1.09974617050133,0.292109517659361,3.76484196514195,0.000166654450814233,0.0143847578037084,"sp|Q9Y3M2|CBY1_HUMAN",2.41e-16,"Protein chibby homolog 1 OS=Homo sapiens GN=CBY1 PE=1 SV=1","tr|A0A2B4RTX2|A0A2B4RTX2_STYPI",1.61e-82,"Protein chibby-like 1 OS=Stylophora pistillata GN=CBY1 PE=4 SV=1","ref|XP_020606813.1|",7.33e-86,"protein chibby homolog 1-like [Orbicella faveolata]","GO:0042995; GO:0005814; GO:0005829; GO:0016607; GO:0005654; GO:0005634; GO:0005802; GO:0008013; GO:0042802; GO:0042803; GO:0055007; GO:0030030; GO:0045444; GO:0045892; GO:0030178; GO:0051289; GO:0008104",""
"evm.TU.chromosome_7.441",71.4751404751092,-1.62257204403064,0.430996067901773,-3.76470266174316,0.000166747382339128,0.0143847578037084,"sp|Q2VLH6|C163A_MOUSE",5.7e-27,"Scavenger receptor cysteine-rich type 1 protein M130 OS=Mus musculus GN=Cd163 PE=1 SV=2","tr|A0A2B4SUN2|A0A2B4SUN2_STYPI",1.08e-49,"Galectin-3-binding protein A OS=Stylophora pistillata GN=lgals3bpa PE=4 SV=1","ref|XP_020611835.1|",4.14e-146,"neurotrypsin-like [Orbicella faveolata]","GO:0009897; GO:0005576; GO:0016021; GO:0005886; GO:0005044; GO:0006953","GO:0016020; GO:0005044"
"evm.TU.chromosome_11.2445",27.8639172934164,-3.04149872693025,0.812992382635905,-3.74111589713672,0.000183205007500152,0.0150004188918736,"sp|P13255|GNMT_RAT",5.45e-111,"Glycine N-methyltransferase OS=Rattus norvegicus GN=Gnmt PE=1 SV=2","tr|A0A2B4RQG9|A0A2B4RQG9_STYPI",0,"Glycine N-methyltransferase OS=Stylophora pistillata GN=Gnmt PE=4 SV=1","ref|XP_020620345.1|",0,"glycine N-methyltransferase-like [Orbicella faveolata]","GO:0005829; GO:0034708; GO:0005634; GO:0005542; GO:0016594; GO:0017174; GO:0042802; GO:1904047; GO:0008757; GO:0098603; GO:0046655; GO:0006544; GO:0005977; GO:0006555; GO:0032259; GO:0006730; GO:0051289; GO:0051262; GO:0006111; GO:0046498; GO:0046500; GO:1901052","GO:0017174"
"evm.TU.chromosome_14.631",195.34020492642,0.937113592037252,0.250485287048141,3.74119215975007,0.000183149416016382,0.0150004188918736,"sp|P01266|THYG_HUMAN",4.21e-58,"Thyroglobulin OS=Homo sapiens GN=TG PE=1 SV=5","tr|A0A2B4RH85|A0A2B4RH85_STYPI",0,"Collagen alpha-4(VI) chain OS=Stylophora pistillata GN=Col6a4 PE=4 SV=1","ref|XP_022806051.1|",0,"uncharacterized protein LOC111343164 [Stylophora pistillata]","GO:0005576; GO:0005615; GO:0005179; GO:0042446; GO:0015705; GO:0031641; GO:0007165; GO:0030878; GO:0042403","GO:0005581; GO:0005576; GO:0030414"
"evm.TU.chromosome_4.1410",729.147158261858,0.647126235202884,0.173972206228817,3.71971045967971,0.000199451291858377,0.0158038340828428,"sp|Q9UPN3|MACF1_HUMAN",0,"Microtubule-actin cross-linking factor 1, isoforms 1/2/3/5 OS=Homo sapiens GN=MACF1 PE=1 SV=4","tr|A0A2B4SNH0|A0A2B4SNH0_STYPI",0,"Microtubule-actin cross-linking factor 1, isoforms 1/2/3/5 OS=Stylophora pistillata GN=MACF1 PE=4 SV=1","ref|XP_020621226.1|",0,"nesprin-1-like isoform X4 [Orbicella faveolata]","GO:0005737; GO:0005856; GO:0005794; GO:0005874; GO:0005886; GO:0032587; GO:0003779; GO:0051015; GO:0016887; GO:0045296; GO:0005509; GO:0051011; GO:0003723; GO:0043001; GO:0045773; GO:0030177; GO:0030334; GO:0010632; GO:0051893; GO:0032886; GO:0016055; GO:0042060","GO:0003779; GO:0005509; GO:0008017"
"evm.TU.chromosome_13.301",7.51931093417076,4.81006143258599,1.3032183068459,3.69090996291134,0.000223453229549341,0.0171523630057197,"sp|O64411|PAO_MAIZE",1.37e-14,"Polyamine oxidase OS=Zea mays GN=PAO PE=1 SV=1","tr|A0T3F5|A0T3F5_ACRMI",1.51e-180,"Apextrin OS=Acropora millepora PE=2 SV=2","ref|XP_020612146.1|",0,"uncharacterized protein LOC110050560 [Orbicella faveolata]","GO:0052898; GO:0052893; GO:0052897; GO:0052896; GO:0052900",""
"evm.TU.chromosome_12.3824",39.3342133289345,-2.179891768649,0.591970974436565,-3.68243015753232,0.000231021170916606,0.0174550932821339,"sp|B8V7S0|CPP1_ACRMI",7.58e-69,"CUB and peptidase domain-containing protein 1 (Fragment) OS=Acropora millepora PE=1 SV=1","tr|A0A2B4ST02|A0A2B4ST02_STYPI",2.6e-134,"Cationic trypsin-3 OS=Stylophora pistillata GN=Try3 PE=4 SV=1","gb|PFX31617.1|",4.03e-134,"Cationic trypsin-3 [Stylophora pistillata]","GO:0005576; GO:0004252","GO:0016021; GO:0004252"
"evm.TU.chromosome_2.1738",12.0887416918873,-3.04407822728623,0.826924455949722,-3.68120474051056,0.000232134501512977,0.0174550932821339,NA,NA,NA,"tr|A0A2B4S1Q0|A0A2B4S1Q0_STYPI",1.2e-11,"Uncharacterized protein OS=Stylophora pistillata GN=AWC38_SpisGene11609 PE=4 SV=1","ref|XP_020603945.1|",1.08e-136,"root-specific lectin-like [Orbicella faveolata]",NA,""
"evm.TU.chromosome_13.3558",75.4091170622858,-3.47503315848217,0.952274845328342,-3.64919138159529,0.000263067070973717,0.0195812247071245,"sp|P08940|MIM1_CHICK",2.59e-14,"Myeloid protein 1 OS=Gallus gallus GN=MIM1 PE=1 SV=2","tr|A0A2B4SMV2|A0A2B4SMV2_STYPI",1.16e-32,"Myeloid protein 1 OS=Stylophora pistillata GN=MIM1 PE=4 SV=1","gb|PFX30383.1|",1.8e-32,"Myeloid protein 1 [Stylophora pistillata]","GO:0044194; GO:0005615; GO:0046872; GO:0030851; GO:0046677",""
"evm.TU.chromosome_12.2530",16.0667657285906,-1.78571083845802,0.491213930205549,-3.63530170594061,0.000277655495674712,0.0204604334762695,NA,NA,NA,NA,NA,NA,"ref|XP_022798497.1|",4.39e-42,"uncharacterized protein LOC111336639 [Stylophora pistillata]",NA,NA
"evm.TU.chromosome_6.1006",11.309225458762,-6.45824441571515,1.78027356198669,-3.6276696759503,0.000285990826507802,0.0208660039657029,"sp|Q24537|HMG2_DROME",5.31e-35,"High mobility group protein DSP1 OS=Drosophila melanogaster GN=Dsp1 PE=2 SV=1","tr|A0A2B4REA7|A0A2B4REA7_STYPI",2.45e-66,"High mobility group protein DSP1 OS=Stylophora pistillata GN=Dsp1 PE=4 SV=1","ref|XP_020607957.1|",1.24e-122,"high mobility group protein B2-like [Orbicella faveolata]","GO:0005654; GO:0005634; GO:0005700; GO:0003677; GO:0008301; GO:0003697; GO:0017025; GO:0008134; GO:0006338; GO:0032502; GO:0006268; GO:0035218; GO:0008348; GO:0017055; GO:0000122; GO:0045892; GO:0043388; GO:0007379","GO:0005634; GO:0003677"
"evm.TU.chromosome_9.1520",350.620139916492,-0.700018294256851,0.193138936646426,-3.6244286440199,0.000289600960050754,0.0209222497511177,"sp|Q8LGG8|USPAL_ARATH",1.03e-11,"Universal stress protein A-like protein OS=Arabidopsis thaliana GN=At3g01520 PE=1 SV=2","tr|A0A2B4SE75|A0A2B4SE75_STYPI",3.16e-69,"Transmembrane protein 170A OS=Stylophora pistillata GN=Tmem170a PE=4 SV=1","ref|XP_022788486.1|",3.65e-86,"uncharacterized protein LOC111328347 [Stylophora pistillata]","GO:0005886; GO:0016208; GO:0006950","GO:0016021; GO:0006950"
"evm.TU.chromosome_9.2357",25.1412603401499,-3.92189750051814,1.08333939795423,-3.62019281115801,0.000294383565422111,0.0210612863455877,"sp|P09848|LPH_HUMAN",4.77e-140,"Lactase-phlorizin hydrolase OS=Homo sapiens GN=LCT PE=1 SV=3","tr|A0A2B4SPM7|A0A2B4SPM7_STYPI",0,"Lactase-phlorizin hydrolase OS=Stylophora pistillata GN=LCT PE=4 SV=1","gb|PFX30447.1|",0,"cytosolic beta-glucosidase-like [Stylophora pistillata]","GO:0016324; GO:0005887; GO:0016020; GO:0005886; GO:0008422; GO:0017042; GO:0000016; GO:0005975; GO:1901657; GO:0044245","GO:0016021; GO:0004553; GO:0005975"
"evm.TU.chromosome_4.2107",27.1335751732411,1.98440747480344,0.549457927566491,3.61157310732094,0.000304345260498552,0.0213736429253121,"sp|P96202|PPSC_MYCTU",0,"Phthiocerol synthesis polyketide synthase type I PpsC OS=Mycobacterium tuberculosis (strain ATCC 25618 / H37Rv) GN=ppsC PE=1 SV=2","tr|A0A2B4SJY3|A0A2B4SJY3_STYPI",0,"Phthiocerol synthesis polyketide synthase type I PpsC OS=Stylophora pistillata GN=ppsC PE=4 SV=1","ref|XP_015754310.1|",0,"PREDICTED: phthiocerol synthesis polyketide synthase type I PpsC-like [Acropora digitifera]","GO:0005829; GO:0005886; GO:0034081; GO:0004315; GO:0016491; GO:0031177; GO:0071766; GO:0071770; GO:0006633; GO:0097041; GO:0097040","GO:0016021; GO:0016788; GO:0016491; GO:0009058"
"evm.TU.chromosome_11.1182",21.5035790678069,-2.07318443955333,0.577074846113157,-3.59257460885205,0.000327426864103955,0.022135858363138,"sp|Q93VC9|CATB2_ARATH",3.28e-59,"Cathepsin B-like protease 2 OS=Arabidopsis thaliana GN=CATHB2 PE=2 SV=1","tr|A0A2B4RNH1|A0A2B4RNH1_STYPI",1.35e-137,"Cathepsin B-like cysteine proteinase 4 OS=Stylophora pistillata GN=cpr-4 PE=4 SV=1","ref|XP_020609629.1|",7.31e-138,"cathepsin B-like cysteine proteinase 5 [Orbicella faveolata]","GO:0005615; GO:0005764; GO:0005773; GO:0004197; GO:0006952; GO:0051603; GO:0050790","GO:0004197; GO:0050790"
"evm.TU.chromosome_12.2667",14.5459076018542,1.41189738202812,0.392656941746323,3.59575301470228,0.000323454577275629,0.022135858363138,"sp|P54417|OPUD_BACSU",1.29e-107,"Glycine betaine transporter OpuD OS=Bacillus subtilis (strain 168) GN=opuD PE=1 SV=1","tr|A0A2B4SSL7|A0A2B4SSL7_STYPI",0,"Glycine betaine transporter OpuD OS=Stylophora pistillata GN=opuD PE=4 SV=1","ref|XP_020604716.1|",0,"uncharacterized protein LOC110043589 [Orbicella faveolata]","GO:0016021; GO:0005886; GO:0022857; GO:0031460","GO:0016021; GO:0022857; GO:0071705"
"evm.TU.chromosome_13.1377",6.88730448373973,-2.05776759857976,0.573184158560214,-3.59006362588366,0.000330597254862299,0.0221470106461844,"sp|Q8QZR8|CCNQ_MOUSE",2.58e-67,"Cyclin-Q OS=Mus musculus GN=Ccnq PE=2 SV=2","tr|A7RSI9|A7RSI9_NEMVE",2.31e-81,"Predicted protein (Fragment) OS=Nematostella vectensis GN=v1g91756 PE=4 SV=1","ref|XP_020608087.1|",8.75e-121,"cyclin-related protein FAM58A-like isoform X1 [Orbicella faveolata]","GO:0000307; GO:0005634; GO:0016538; GO:0030295; GO:0045737; GO:0043410; GO:1901409; GO:0045944","GO:0000307; GO:0005634; GO:0016538; GO:0045737; GO:1901409; GO:0045944"
"evm.TU.chromosome_11.279",21.4092075198858,-1.50761627910991,0.421366382021958,-3.57792254777303,0.000346336039743627,0.0229923448366737,"sp|P48556|PSMD8_HUMAN",8.49e-107,"26S proteasome non-ATPase regulatory subunit 8 OS=Homo sapiens GN=PSMD8 PE=1 SV=2","tr|A0A2B4SGL6|A0A2B4SGL6_STYPI",2.57e-175,"26S proteasome non-ATPase regulatory subunit 8 OS=Stylophora pistillata GN=PSMD8 PE=4 SV=1","ref|XP_020618215.1|",0,"26S proteasome non-ATPase regulatory subunit 8-like [Orbicella faveolata]","GO:0005829; GO:0070062; GO:0005654; GO:0005634; GO:0022624; GO:0000502; GO:0005838; GO:0008541; GO:0031145; GO:0002479; GO:0038095; GO:0070498; GO:0000165; GO:0090090; GO:0010972; GO:0051436; GO:0038061; GO:0090263; GO:1903955; GO:0051437; GO:0043687; GO:0043248; GO:0043161; GO:0016579; GO:0000209; GO:0006521; GO:1902036; GO:0043488; GO:0031647; GO:0061418; GO:0031146; GO:0002223; GO:0050852; GO:0055085; GO:0033209; GO:0060071","GO:0005838; GO:0006508"
"evm.TU.chromosome_14.6837",52.6862840102833,-1.06999571117325,0.30043709389667,-3.56146339087296,0.000368793536593066,0.0234279273375371,"sp|Q7ZV00|OTU6B_DANRE",2.18e-95,"OTU domain-containing protein 6B OS=Danio rerio GN=otud6b PE=2 SV=1","tr|A0A2B4RYK3|A0A2B4RYK3_STYPI",6.65e-143,"OTU domain-containing protein 6B OS=Stylophora pistillata GN=otud6b PE=4 SV=1","ref|XP_020623832.1|",1.75e-169,"OTU domain-containing protein 6B-like isoform X1 [Orbicella faveolata]","GO:0036459",""
"evm.TU.chromosome_14.962",42.5715797650023,-1.70643874295205,0.478757503402618,-3.56430704651953,0.000364818703533597,0.0234279273375371,"sp|P47970|NPTX2_CAVPO",1.35e-36,"Neuronal pentraxin-2 OS=Cavia porcellus GN=NPTX2 PE=1 SV=1","tr|A0A2B4SIF4|A0A2B4SIF4_STYPI",5.66e-94,"Neuronal pentraxin-1 OS=Stylophora pistillata GN=NPTX1 PE=4 SV=1","ref|XP_020621411.1|",0,"uncharacterized protein LOC110059072 [Orbicella faveolata]","GO:0043160; GO:0046872","GO:0016021"
"evm.TU.chromosome_9.2744",41.9464746176233,-1.61518560753544,0.453071394465416,-3.56496929019589,0.000363898794228283,0.0234279273375371,NA,NA,NA,NA,NA,NA,"ref|XP_020611405.1|",2.89e-07,"uncharacterized protein LOC110049900 [Orbicella faveolata]",NA,NA
"evm.TU.chromosome_14.7143",41.0500229539003,0.884384240766758,0.248633924192917,3.5569733439937,0.000375152206215999,0.023628176133382,NA,NA,NA,"tr|A0A2B4S9S2|A0A2B4S9S2_STYPI",8.17e-54,"Hemicentin-1 OS=Stylophora pistillata GN=HMCN1 PE=4 SV=1","ref|XP_020616858.1|",1.36e-68,"uncharacterized protein LOC110054840 [Orbicella faveolata]",NA,"GO:0005576; GO:0008061; GO:0004867; GO:0006030"
"evm.TU.chromosome_5.2157",61.826772092261,0.717586333374343,0.2021465581343,3.54983206242672,0.000385476972448155,0.0240727102539869,"sp|Q8N3X1|FNBP4_HUMAN",6.86e-34,"Formin-binding protein 4 OS=Homo sapiens GN=FNBP4 PE=1 SV=3","tr|A0A2B4STH2|A0A2B4STH2_STYPI",0,"Formin-binding protein 4 OS=Stylophora pistillata GN=FNBP4 PE=4 SV=1","ref|XP_020605699.1|",0,"formin-binding protein 4-like [Orbicella faveolata]","GO:0016607","GO:0016491"
"evm.TU.chromosome_4.1603",90.9816004325254,-0.830271203443924,0.234334835144985,-3.54309764884178,0.000395456243571784,0.0243682251138815,"sp|P92177|1433E_DROME",7.7e-96,"14-3-3 protein epsilon OS=Drosophila melanogaster GN=14-3-3epsilon PE=1 SV=2","tr|A0A2B4S4B1|A0A2B4S4B1_STYPI",7.98e-109,"14-3-3 protein-like OS=Stylophora pistillata GN=BMH1 PE=4 SV=1","ref|XP_020609877.1|",1.43e-127,"14-3-3 protein 2-like [Orbicella faveolata]","GO:0005813; GO:0005694; GO:0005737; GO:0005829; GO:0045172; GO:0005654; GO:0005634; GO:0005886; GO:0050815; GO:0019904; GO:0046982; GO:0007411; GO:0007623; GO:0008340; GO:0000077; GO:0007294; GO:0007444; GO:0007093; GO:0008103; GO:0007280; GO:0070374; GO:0045927; GO:0046579; GO:0040008; GO:0007088; GO:0009314; GO:0009411; GO:0048190","GO:0019904"
"evm.TU.chromosome_10.544",20.2534324217985,-1.67824035730515,0.475917152414305,-3.52632879229403,0.000421363502711383,0.0252441272478064,"sp|Q8BK48|EST2E_MOUSE",4.25e-68,"Pyrethroid hydrolase Ces2e OS=Mus musculus GN=Ces2e PE=1 SV=1","tr|A0A2B4S4P1|A0A2B4S4P1_STYPI",1.12e-109,"Cholinesterase OS=Stylophora pistillata GN=BCHE PE=4 SV=1","ref|XP_020630452.1|",8.75e-132,"uncharacterized protein LOC110067467 [Orbicella faveolata]","GO:0005783; GO:0052689; GO:0102209",""
"evm.TU.chromosome_2.1175",8.97515904375696,-2.8819798781861,0.822750286257871,-3.50286098506785,0.000460289618170286,0.0271349935703747,NA,NA,NA,NA,NA,NA,NA,NA,NA,NA,NA
"evm.TU.chromosome_12.3566",53.2142694859693,-1.39846916930914,0.400114730682676,-3.49517041505337,0.000473759161721613,0.0277073909740204,"sp|P28024|PSB4_XENLA",3.96e-110,"Proteasome subunit beta type-4 (Fragment) OS=Xenopus laevis GN=psmb4 PE=2 SV=2","tr|A0A2B4RWW9|A0A2B4RWW9_STYPI",5.07e-180,"Proteasome subunit beta type-4 OS=Stylophora pistillata GN=Psmb4 PE=4 SV=1","ref|XP_020616161.1|",0,"proteasome subunit beta type-4-like [Orbicella faveolata]","GO:0005737; GO:0005634; GO:0005839; GO:0019774; GO:0004298; GO:0051603","GO:0005737; GO:0005634; GO:0005839; GO:0004298; GO:0051603"
"evm.TU.chromosome_10.2458",103.147544967052,-1.59168297917842,0.458179723887897,-3.47392714298255,0.000512900281042041,0.0292791941360116,"sp|P31029|SPYA_CALJA",3.81e-149,"Serine--pyruvate aminotransferase, mitochondrial OS=Callithrix jacchus GN=AGXT PE=2 SV=1","tr|A0A2B4SI15|A0A2B4SI15_STYPI",0,"Serine--pyruvate aminotransferase, mitochondrial OS=Stylophora pistillata GN=AGXT PE=4 SV=1","ref|XP_020624089.1|",0,"serine--pyruvate aminotransferase-like [Orbicella faveolata]","GO:0005759; GO:0005782; GO:0008453; GO:0016597; GO:0042803; GO:0043621; GO:0030170; GO:0005102; GO:0004760; GO:0019265; GO:0009436; GO:0042853; GO:0019448; GO:0007219; GO:0046724","GO:0008453; GO:0004760"
"evm.TU.chromosome_10.2956",25.6390150426201,0.966421051576049,0.278054049383829,3.47565897248269,0.000509599859245333,0.0292791941360116,"sp|Q8R5C8|ZMY11_MOUSE",9.31e-89,"Zinc finger MYND domain-containing protein 11 OS=Mus musculus GN=Zmynd11 PE=1 SV=2","tr|A0A2B4SYW6|A0A2B4SYW6_STYPI",0,"Zinc finger MYND domain-containing protein 11 OS=Stylophora pistillata GN=ZMYND11 PE=4 SV=1","ref|XP_020622900.1|",0,"zinc finger MYND domain-containing protein 11-like [Orbicella faveolata]","GO:0005694; GO:0005654; GO:0005634; GO:0003682; GO:0003690; GO:0042393; GO:0035064; GO:0000977; GO:0003714; GO:0008270; GO:0016569; GO:0051607; GO:2001237; GO:0043124; GO:0046329; GO:0000122; GO:0034243; GO:0006351","GO:0046872"
"evm.TU.chromosome_9.359",55.7679681862653,-1.12272163121607,0.323361220187079,-3.47203548578435,0.00051652805505245,0.0292791941360116,"sp|Q2TCH3|ACLY_SHEEP",0,"ATP-citrate synthase OS=Ovis aries GN=ACLY PE=2 SV=1","tr|A7SFA3|A7SFA3_NEMVE",0,"ATP-citrate synthase OS=Nematostella vectensis GN=v1g211386 PE=3 SV=1","ref|XP_020613651.1|",0,"ATP-citrate synthase-like [Orbicella faveolata]","GO:0005737; GO:0005524; GO:0003878; GO:0048037; GO:0046872; GO:0006085; GO:0006101; GO:0008610","GO:0009346; GO:0005829; GO:0005524; GO:0003878; GO:0048037; GO:0046872; GO:0006085; GO:0006101; GO:0006633"
"evm.TU.chromosome_6.247",42.4150365322097,0.881367824178824,0.254872196110016,3.45807756840758,0.000544044719603217,0.0306035537309626,"sp|O97790|TBCD1_BOVIN",2.15e-174,"TBC1 domain family member 1 OS=Bos taurus GN=TBC1D1 PE=2 SV=2","tr|A0A2B4RSD2|A0A2B4RSD2_STYPI",0,"TBC1 domain family member 1 OS=Stylophora pistillata GN=TBC1D1 PE=4 SV=1","ref|XP_022800315.1|",0,"TBC1 domain family member 1-like [Stylophora pistillata]","GO:0012505; GO:0005622; GO:0005634; GO:0005096; GO:0017137; GO:0090630; GO:0006886; GO:0031338",""
"evm.TU.chromosome_6.132",22.2948726823204,-1.18154809637388,0.343268830960242,-3.44204888357816,0.000577325911338245,0.0319873281251994,NA,NA,NA,NA,NA,NA,NA,NA,NA,NA,NA
"evm.TU.chromosome_5.810",25.9867811968784,0.938668165221007,0.273369673538238,3.43369530742666,0.000595413081198963,0.03274327608474,"sp|O14562|UBFD1_HUMAN",1.13e-110,"Ubiquitin domain-containing protein UBFD1 OS=Homo sapiens GN=UBFD1 PE=1 SV=2","tr|A0A2B4S1C5|A0A2B4S1C5_STYPI",1.16e-176,"Ubiquitin domain-containing protein UBFD1 OS=Stylophora pistillata GN=UBFD1 PE=4 SV=1","ref|XP_020627968.1|",0,"ubiquitin domain-containing protein UBFD1-like [Orbicella faveolata]","GO:0045296; GO:0003723",""
"evm.TU.chromosome_10.2588",58.1203224788888,0.736797300743294,0.215514775160398,3.41877859740674,0.000629028865335899,0.0338344066325565,"sp|Q5TID7|CC181_HUMAN",5.19e-10,"Coiled-coil domain-containing protein 181 OS=Homo sapiens GN=CCDC181 PE=2 SV=1","tr|A0A2B4T019|A0A2B4T019_STYPI",0,"Coiled-coil domain-containing protein 181 OS=Stylophora pistillata GN=Ccdc181 PE=4 SV=1","ref|XP_020605605.1|",0,"coiled-coil domain-containing protein 181-like [Orbicella faveolata]","GO:0005737; GO:0002177; GO:0005874; GO:0036126; GO:0008017",""
"evm.TU.chromosome_3.1157",7.52440966750529,-1.64726116966887,0.481709047788988,-3.41961849633027,0.000627090139124027,0.0338344066325565,"sp|O15439|MRP4_HUMAN",1.28e-11,"Multidrug resistance-associated protein 4 OS=Homo sapiens GN=ABCC4 PE=1 SV=3","tr|A0A2B4R5V9|A0A2B4R5V9_STYPI",1.96e-56,"Multidrug resistance-associated protein 4 (Fragment) OS=Stylophora pistillata GN=ABCC4 PE=4 SV=1","ref|XP_020615158.1|",1.85e-66,"cystic fibrosis transmembrane conductance regulator-like [Orbicella faveolata]","GO:0016323; GO:0005887; GO:0016020; GO:0005886; GO:0031088; GO:0016404; GO:0005524; GO:0015662; GO:0042626; GO:0043225; GO:0060271; GO:0002576; GO:0048661; GO:0032310; GO:0042493; GO:0014070; GO:0010243; GO:0055085","GO:0016021; GO:0005524; GO:0042626"
"evm.TU.chromosome_9.794",30.7551752698238,-1.11350464126706,0.326262288845249,-3.4129124919957,0.000642725768620169,0.0343206245576958,"sp|Q05360|WHITE_LUCCU",0,"Protein white OS=Lucilia cuprina GN=W PE=2 SV=2","tr|A0A2B4RZN8|A0A2B4RZN8_STYPI",0,"Protein white OS=Stylophora pistillata GN=w PE=4 SV=1","gb|PFX22020.1|",0,"protein white-like [Stylophora pistillata]","GO:0016021; GO:0005524; GO:0016887; GO:0031409; GO:0055085","GO:0016021; GO:0005524; GO:0016887"
"evm.TU.chromosome_12.1427",5.7616084836756,-2.19966061137716,0.647850150622737,-3.3953231457348,0.000685476433215238,0.0353236072472944,"sp|P58022|LOXL2_MOUSE",1.2e-167,"Lysyl oxidase homolog 2 OS=Mus musculus GN=Loxl2 PE=1 SV=2","tr|A0A2B4SIS0|A0A2B4SIS0_STYPI",0,"Lysyl oxidase-like 2B OS=Stylophora pistillata GN=loxl2b PE=4 SV=1","ref|XP_020623726.1|",0,"lysyl oxidase homolog 2A-like [Orbicella faveolata]","GO:0005604; GO:0000785; GO:0005783; GO:0031012; GO:0005615; GO:0016020; GO:0005654; GO:0005634; GO:0005507; GO:0070492; GO:0004720; GO:0005044; GO:0006464; GO:0030199; GO:0016569; GO:0043542; GO:0001935; GO:0001837; GO:0070828; GO:1902455; GO:0000122; GO:0045892; GO:0018057; GO:0032332; GO:0010718; GO:0046688; GO:0001666; GO:0002040; GO:0006351","GO:0016020; GO:0005507; GO:0016641; GO:0005044"
"evm.TU.chromosome_13.1876",40.4401056415077,-1.00897703508118,0.296630128177943,-3.40146512182983,0.000670256808522779,0.0353236072472944,"sp|A5D6U8|ACP7_DANRE",2.79e-76,"Acid phosphatase type 7 OS=Danio rerio GN=acp7 PE=2 SV=1","tr|A0A2B4S9P4|A0A2B4S9P4_STYPI",0,"Iron/zinc purple acid phosphatase-like protein OS=Stylophora pistillata GN=papl PE=4 SV=1","ref|XP_020628911.1|",0,"acid phosphatase type 7-like isoform X2 [Orbicella faveolata]","GO:0005576; GO:0003993; GO:0046872","GO:0003993; GO:0046872"
"evm.TU.chromosome_13.1918",11.5437051029365,1.57134422268863,0.462717467545238,3.39590426751073,0.000684022790090457,0.0353236072472944,"sp|Q8YTC2|Y2800_NOSS1",1.28e-10,"Uncharacterized WD repeat-containing protein alr2800 OS=Nostoc sp. (strain PCC 7120 / SAG 25.82 / UTEX 2576) GN=alr2800 PE=4 SV=1","tr|A0A2B4RSC1|A0A2B4RSC1_STYPI",0,"Nephrocystin-3 OS=Stylophora pistillata GN=nphp3 PE=4 SV=1","ref|XP_020614611.1|",0,"uncharacterized protein LOC110052781 [Orbicella faveolata]","GO:0043531; GO:0043565",""
"evm.TU.chromosome_5.1376",13.6209880390487,-3.73220068255399,1.09745153318018,-3.4007886177341,0.000671917635003768,0.0353236072472944,NA,NA,NA,"tr|A0A2C0L1Y9|A0A2C0L1Y9_BACME",5.96e-08,"Uncharacterized protein OS=Bacillus megaterium GN=COA18_10830 PE=4 SV=1","ref|XP_020622069.1|",5.31e-112,"uncharacterized protein LOC110059684 [Orbicella faveolata]",NA,""
"evm.TU.chromosome_9.2806",27.5109199721101,-1.7641413440719,0.519094078944815,-3.39850022496489,0.000677564072743738,0.0353236072472944,NA,NA,NA,"tr|A0A2B4RFH1|A0A2B4RFH1_STYPI",7.66e-45,"Uncharacterized protein OS=Stylophora pistillata GN=AWC38_SpisGene20775 PE=4 SV=1","ref|XP_020625113.1|",1.49e-78,"uncharacterized protein LOC110062526 [Orbicella faveolata]",NA,""
"evm.TU.chromosome_6.2340",40.7483672526632,-4.73758462762663,1.39843191880335,-3.38778353377446,0.000704598490315137,0.0360568491328628,NA,NA,NA,NA,NA,NA,NA,NA,NA,NA,NA
"evm.TU.chromosome_1.1761",28.5108682000436,-1.35486102552789,0.400343850260801,-3.38424338139645,0.000713747042124167,0.0361543850392303,"sp|P42678|ETIF1_ANOGA",7.03e-49,"Eukaryotic translation initiation factor eIF1 OS=Anopheles gambiae GN=eIF1 PE=3 SV=1","tr|A0A2B4RUR4|A0A2B4RUR4_STYPI",1.28e-49,"Protein translation factor SUI1-like OS=Stylophora pistillata GN=AWC38_SpisGene13290 PE=4 SV=1","ref|XP_020632120.1|",6.94e-57,"eukaryotic translation initiation factor 1-like [Orbicella faveolata]","GO:0003743; GO:0006417","GO:0003743"
"evm.TU.chromosome_13.1161",43.7892898882137,1.05086141445045,0.31074409765551,3.38175824538243,0.000720234993059582,0.0361543850392303,"sp|P62314|SMD1_HUMAN",8.89e-57,"Small nuclear ribonucleoprotein Sm D1 OS=Homo sapiens GN=SNRPD1 PE=1 SV=1","tr|A0A1D5PV79|A0A1D5PV79_CHICK",1.53e-54,"Small nuclear ribonucleoprotein D1 polypeptide OS=Gallus gallus GN=SNRPD1 PE=4 SV=1","ref|XP_020625939.1|",3.76e-78,"small nuclear ribonucleoprotein Sm D1-like [Orbicella faveolata]","GO:0071013; GO:0000243; GO:0005829; GO:0034709; GO:0005654; GO:0005634; GO:0034715; GO:0071011; GO:0071010; GO:0030532; GO:0034719; GO:0097526; GO:0005685; GO:0005689; GO:0005686; GO:0005687; GO:0005682; GO:0003723; GO:1990446; GO:0000398; GO:0051170; GO:0008380; GO:0000245; GO:0000387","GO:0030529; GO:0000387"
"evm.TU.chromosome_7.236",150.132726356683,0.615479480686325,0.182020123847302,3.38138150703959,0.000721223313986545,0.0361543850392303,NA,NA,NA,"tr|A0A2B4SYJ6|A0A2B4SYJ6_STYPI",0,"Uncharacterized protein OS=Stylophora pistillata GN=AWC38_SpisGene1091 PE=4 SV=1","ref|XP_020614783.1|",0,"trichohyalin-like [Orbicella faveolata]",NA,""
"evm.TU.chromosome_14.7261",13.2966203048853,-1.59719414681157,0.472926015024912,-3.37726007043076,0.000732117928638358,0.0364525474063247,NA,NA,NA,NA,NA,NA,NA,NA,NA,NA,NA
"evm.TU.chromosome_4.1831",9.83732646601182,1.42652201109107,0.426242703499953,3.34673649396845,0.000817688976608643,0.0400198536453165,"sp|Q13615|MTMR3_HUMAN",0,"Myotubularin-related protein 3 OS=Homo sapiens GN=MTMR3 PE=1 SV=3","tr|A0A2B4RD18|A0A2B4RD18_STYPI",0,"Myotubularin-related protein 3 (Fragment) OS=Stylophora pistillata GN=MTMR3 PE=4 SV=1","ref|XP_020609004.1|",0,"myotubularin-related protein 3-like [Orbicella faveolata]","GO:0005737; GO:0005829; GO:0019898; GO:0016020; GO:0046872; GO:0052629; GO:0004438; GO:0019903; GO:0004722; GO:0004725; GO:0042149; GO:0016236; GO:1904562; GO:0006661; GO:0046856; GO:0006470; GO:2000785; GO:0060304","GO:0004725"
"evm.TU.chromosome_9.902",11.4948954494923,-3.56765326116686,1.06626502193996,-3.34593481710194,0.00082005671060426,0.0400198536453165,NA,NA,NA,NA,NA,NA,NA,NA,NA,NA,NA
"evm.TU.chromosome_12.2452",51.6168823227946,0.666070005732885,0.199301454442337,3.34202280458317,0.000831702273354865,0.0400341636401337,"sp|Q8IVL1|NAV2_HUMAN",5.04e-76,"Neuron navigator 2 OS=Homo sapiens GN=NAV2 PE=1 SV=3","tr|A0A2B4RN40|A0A2B4RN40_STYPI",0,"Uncharacterized protein OS=Stylophora pistillata GN=AWC38_SpisGene17724 PE=4 SV=1","ref|XP_020629334.1|",0,"uncharacterized protein LOC110066449 [Orbicella faveolata]","GO:0005614; GO:0005654; GO:0005524; GO:0004386; GO:0008201; GO:0021563; GO:0007626; GO:0021554; GO:0003025; GO:0007608; GO:0007605; GO:0021564",""
"evm.TU.chromosome_14.5489",111.040837494992,-1.66125590348855,0.496822257137331,-3.3437630452803,0.000826502983281971,0.0400341636401337,"sp|Q26636|CATL_SARPE",1.49e-135,"Cathepsin L OS=Sarcophaga peregrina PE=1 SV=1","tr|A7SHX1|A7SHX1_NEMVE",0,"Predicted protein OS=Nematostella vectensis GN=v1g190019 PE=3 SV=1","ref|XP_020631218.1|",0,"cathepsin L1-like [Orbicella faveolata]","GO:0005764; GO:0008234; GO:0030154; GO:0007275","GO:0005615; GO:0005764; GO:0004197; GO:0051603"
"evm.TU.chromosome_6.2105",34.2604997973403,0.989480020355211,0.298736745329893,3.31221396705831,0.00092560723576549,0.0437230751304865,"sp|Q9EQH1|GAB2_RAT",2.38e-24,"GRB2-associated-binding protein 2 OS=Rattus norvegicus GN=Gab2 PE=1 SV=2","tr|A0A2B4SBH7|A0A2B4SBH7_STYPI",0,"GRB2-associated-binding protein 1 OS=Stylophora pistillata GN=Gab1 PE=4 SV=1","ref|XP_020628059.1|",0,"GRB2-associated-binding protein 1-like isoform X2 [Orbicella faveolata]","GO:0005737; GO:0005622; GO:0005886; GO:0043234; GO:0005547; GO:0043325; GO:0019904; GO:0019903; GO:0005068; GO:0016477; GO:0007229; GO:0035556; GO:0030316; GO:0048015; GO:0008284; GO:0010634; GO:0043306",""
"evm.TU.chromosome_12.1524",140.833431356519,-0.765284152454402,0.231723669605763,-3.30257221351793,0.000958024168174605,0.0445685580327452,"sp|O00567|NOP56_HUMAN",0,"Nucleolar protein 56 OS=Homo sapiens GN=NOP56 PE=1 SV=4","tr|A0A2B4S0V2|A0A2B4S0V2_STYPI",0,"Nucleolar protein 56 OS=Stylophora pistillata GN=NOP56 PE=4 SV=1","ref|XP_020623790.1|",0,"nucleolar protein 56-like [Orbicella faveolata]","GO:0031428; GO:0005737; GO:0001650; GO:0016020; GO:0005730; GO:0005654; GO:0070761; GO:0005732; GO:0032040; GO:0045296; GO:1990226; GO:0003723; GO:0030515; GO:0000154; GO:0006364",""
"evm.TU.chromosome_2.998",86.2640877135909,-1.49098751017008,0.45160740057567,-3.3015125710285,0.000961650254743722,0.0445685580327452,"sp|Q5TZ24|MOXD1_DANRE",1.28e-132,"DBH-like monooxygenase protein 1 homolog OS=Danio rerio GN=moxd1 PE=2 SV=2","tr|A0A2B4RLI3|A0A2B4RLI3_STYPI",0,"DBH-like monooxygenase protein 1 OS=Stylophora pistillata GN=Moxd1 PE=4 SV=1","ref|XP_020615015.1|",0,"DBH-like monooxygenase protein 1 isoform X1 [Orbicella faveolata]","GO:0005789; GO:0005615; GO:0016021; GO:0030667; GO:0005507; GO:0004500; GO:0042420; GO:0042421; GO:0006589","GO:0005507; GO:0016715"
"evm.TU.chromosome_6.2936",25.3974353507372,-1.1282159051495,0.341700132930101,-3.30177192345516,0.000960761580225583,0.0445685580327452,"sp|Q2KI84|SYHC_BOVIN",0,"Histidine--tRNA ligase, cytoplasmic OS=Bos taurus GN=HARS PE=2 SV=1","tr|A0A2B4S3C1|A0A2B4S3C1_STYPI",0,"Histidine--tRNA ligase, cytoplasmic OS=Stylophora pistillata GN=HARS PE=4 SV=1","ref|XP_020608060.1|",0,"histidine--tRNA ligase, cytoplasmic-like [Orbicella faveolata]","GO:0005829; GO:0005739; GO:0005524; GO:0004821; GO:0042802; GO:0006427; GO:0032543","GO:0005737; GO:0005524; GO:0004821; GO:0006427"
"evm.TU.chromosome_2.1469",17.5366187611275,0.951945328667356,0.289693781632468,3.28603991187868,0.00101606611956276,0.0462305463933407,"sp|Q9JHZ4|GRAP1_RAT",1.05e-79,"GRIP1-associated protein 1 OS=Rattus norvegicus GN=Gripap1 PE=1 SV=1","tr|A0A2B4RYD1|A0A2B4RYD1_STYPI",0,"GRIP1-associated protein 1 OS=Stylophora pistillata GN=Gripap1 PE=4 SV=1","gb|PFX21337.1|",0,"GRIP1-associated protein 1 [Stylophora pistillata]","GO:0030424; GO:0072562; GO:0030054; GO:0005829; GO:0030425; GO:0031901; GO:0005654; GO:0098837; GO:0055038; GO:0098887; GO:1905244",""
"evm.TU.chromosome_1.240",58.4843501000895,0.876193606282849,0.267638909112221,3.27379008227635,0.0010611541029919,0.0476807596643131,"sp|Q9GZT9|EGLN1_HUMAN",3.2e-76,"Egl nine homolog 1 OS=Homo sapiens GN=EGLN1 PE=1 SV=1","tr|A0A2B4RAV8|A0A2B4RAV8_STYPI",2.48e-171,"Egl nine-like 1 OS=Stylophora pistillata GN=EGLN1 PE=4 SV=1","gb|PFX13640.1|",3.84e-171,"Egl nine-like 1 [Stylophora pistillata]","GO:0005737; GO:0005829; GO:0005634; GO:0019899; GO:0005506; GO:0031418; GO:0016706; GO:0031545; GO:0031543; GO:0055008; GO:0006879; GO:0060347; GO:0060711; GO:0030821; GO:0051344; GO:0043433; GO:0032364; GO:0018401; GO:0045944; GO:0045765; GO:1901214; GO:0061418; GO:0001666; GO:0071731; GO:0060412","GO:0005506; GO:0031418; GO:0016705"
"evm.TU.chromosome_14.6695",35.8074711053725,-1.49888891163343,0.458116893096209,-3.27184815539786,0.00106846944418577,0.0477184929345755,"sp|Q5XJN2|GILT_DANRE",1.28e-56,"Gamma-interferon-inducible lysosomal thiol reductase OS=Danio rerio GN=ifi30 PE=1 SV=1","tr|A0A2B4SSD0|A0A2B4SSD0_STYPI",2.27e-120,"Gamma-interferon-inducible lysosomal thiol reductase OS=Stylophora pistillata GN=IFI30 PE=4 SV=1","ref|XP_020602860.1|",2.25e-128,"gamma-interferon-inducible lysosomal thiol reductase-like [Orbicella faveolata]","GO:0005576; GO:0005764; GO:0047134; GO:0002376","GO:0016021"
"evm.TU.chromosome_6.817",8.26074966924295,-2.45615390749476,0.751192726587458,-3.26967211018224,0.00107672213267389,0.0477973819016498,"sp|O60462|NRP2_HUMAN",1.12e-26,"Neuropilin-2 OS=Homo sapiens GN=NRP2 PE=1 SV=2","tr|A0A2B4R8A8|A0A2B4R8A8_STYPI",3.09e-47,"EGF-like repeat and discoidin I-like domain-containing protein 3 OS=Stylophora pistillata GN=Edil3 PE=4 SV=1","ref|XP_020602933.1|",2.53e-159,"EGF-like repeat and discoidin I-like domain-containing protein 3 [Orbicella faveolata]","GO:0005576; GO:0016021; GO:0016020; GO:0005886; GO:0002116; GO:0019955; GO:0019838; GO:0008201; GO:0042802; GO:0046872; GO:0004872; GO:0017154; GO:0005021; GO:0001525; GO:0048846; GO:0007411; GO:0007155; GO:0021675; GO:0003148; GO:0010595; GO:0001938; GO:1902285; GO:0061549; GO:0097490; GO:0097491; GO:0048010","GO:0016021"
"evm.TU.chromosome_4.1838",117.267839189769,-1.25586685527705,0.385063643756623,-3.26145268617157,0.00110842928802472,0.0486191394253223,"sp|Q5AF03|HSP31_CANAL",8.43e-37,"Glyoxalase 3 OS=Candida albicans (strain SC5314 / ATCC MYA-2876) GN=GLX3 PE=1 SV=1","tr|A0A2B4S2L5|A0A2B4S2L5_STYPI",1.54e-122,"Uncharacterized protein OS=Stylophora pistillata GN=AWC38_SpisGene11267 PE=4 SV=1","ref|XP_020609025.1|",3.97e-141,"glyoxalase 3-like [Orbicella faveolata]","GO:0097311; GO:0030446; GO:0030445; GO:0019172; GO:0019243",""
"evm.TU.chromosome_14.7134",38.4854004749082,-2.27846001582991,0.699361013056893,-3.25791683163865,0.00112233294061468,0.0486498319964095,NA,NA,NA,"tr|A0A2B4S9V1|A0A2B4S9V1_STYPI",6.02e-31,"Uncharacterized protein OS=Stylophora pistillata GN=AWC38_SpisGene10036 PE=4 SV=1","gb|PFX25348.1|",9.32e-31,"hypothetical protein AWC38_SpisGene10036 [Stylophora pistillata]",NA,"GO:0030246; GO:0004553; GO:0005975"
"evm.TU.chromosome_7.328",24.5642469221395,0.983186092272054,0.302057527645232,3.25496305268978,0.00113407118450289,0.0488711728573206,"sp|O89026|ROBO1_MOUSE",2.52e-97,"Roundabout homolog 1 OS=Mus musculus GN=Robo1 PE=1 SV=1","tr|A0A2B4STE5|A0A2B4STE5_STYPI",0,"Roundabout-like 2 OS=Stylophora pistillata GN=ROBO2 PE=4 SV=1","ref|XP_020628558.1|",0,"roundabout homolog 1-like isoform X1 [Orbicella faveolata]","GO:0030673; GO:0009986; GO:0005737; GO:0016021; GO:0005886; GO:0042802; GO:0030275; GO:0006919; GO:0007411; GO:0016199; GO:0002042; GO:0021836; GO:0060976; GO:0007507; GO:0007156; GO:0060763; GO:0030336; GO:0008285; GO:0070100; GO:0033600; GO:0050925; GO:0021891; GO:0050772; GO:0043406; GO:0035025; GO:1900748; GO:0035385; GO:0003281","GO:0016021"
"evm.TU.chromosome_9.2849",42.3627086124303,1.48569613765855,0.45726831920939,3.24906859986997,0.00115783552194752,0.0496051741932051,"sp|P68365|TBA1C_CRIGR",0,"Tubulin alpha-1C chain OS=Cricetulus griseus GN=TUBA1C PE=2 SV=1","tr|A0A091DQV7|A0A091DQV7_FUKDA",0,"Tubulin alpha chain OS=Fukomys damarensis GN=H920_05128 PE=3 SV=1","ref|XP_020625030.1|",0,"tubulin alpha-1C chain-like [Orbicella faveolata]","GO:0005881; GO:0005525; GO:0003924; GO:0005200; GO:0007017","GO:0005737; GO:0005874; GO:0005525; GO:0003924; GO:0005200; GO:0007017"
